locationId,timestamp,average
c02b365e-4d02-45a4-8fd3-d20e1eb95989,2020-09-30 14:40,5.858711783866766
c02b365e-4d02-45a4-8fd3-d20e1eb95989,2020-09-30 14:41,5.843197708947416
c02b365e-4d02-45a4-8fd3-d20e1eb95989,2020-09-30 14:39,5.861415548546067
c02b365e-4d02-45a4-8fd3-d20e1eb95989,2020-09-30 14:42,5.828953438641849
c02b365e-4d02-45a4-8fd3-d20e1eb95989,2020-09-30 14:43,5.853934889688709
c02b365e-4d02-45a4-8fd3-d20e1eb95989,2020-09-30 14:44,5.89047545828795
c02b365e-4d02-45a4-8fd3-d20e1eb95989,2020-09-30 14:45,5.90640859627925
c02b365e-4d02-45a4-8fd3-d20e1eb95989,2020-09-30 14:46,5.91375741690828
c02b365e-4d02-45a4-8fd3-d20e1eb95989,2020-09-30 14:47,5.923242007197886
c02b365e-4d02-45a4-8fd3-d20e1eb95989,2020-09-30 14:48,5.936390275988432
c02b365e-4d02-45a4-8fd3-d20e1eb95989,2020-09-30 14:49,5.964192231840248
c02b365e-4d02-45a4-8fd3-d20e1eb95989,2020-09-30 14:50,5.982812460011658
c02b365e-4d02-45a4-8fd3-d20e1eb95989,2020-09-30 14:51,5.9583517860709625
c02b365e-4d02-45a4-8fd3-d20e1eb95989,2020-09-30 14:52,5.919011860850618
c02b365e-4d02-45a4-8fd3-d20e1eb95989,2020-09-30 14:53,5.898858279308017
c02b365e-4d02-45a4-8fd3-d20e1eb95989,2020-09-30 14:54,5.895841619172559
c02b365e-4d02-45a4-8fd3-d20e1eb95989,2020-09-30 14:55,5.9198504682363575
c02b365e-4d02-45a4-8fd3-d20e1eb95989,2020-09-30 14:56,5.954516094801446
c02b365e-4d02-45a4-8fd3-d20e1eb95989,2020-09-30 14:57,5.9610840074468765
c02b365e-4d02-45a4-8fd3-d20e1eb95989,2020-09-30 14:58,5.963109792207321
c02b365e-4d02-45a4-8fd3-d20e1eb95989,2020-09-30 14:59,5.98940087794875
c02b365e-4d02-45a4-8fd3-d20e1eb95989,2020-09-30 15:00,6.019107445959773
c02b365e-4d02-45a4-8fd3-d20e1eb95989,2020-09-30 15:01,6.028935938982937
c02b365e-4d02-45a4-8fd3-d20e1eb95989,2020-09-30 15:02,6.022420739568496
c02b365e-4d02-45a4-8fd3-d20e1eb95989,2020-09-30 15:03,6.006247227987379
c02b365e-4d02-45a4-8fd3-d20e1eb95989,2020-09-30 15:04,5.987080003721097
c02b365e-4d02-45a4-8fd3-d20e1eb95989,2020-09-30 15:05,5.974056994433258
c02b365e-4d02-45a4-8fd3-d20e1eb95989,2020-09-30 15:06,5.976816621650336
c02b365e-4d02-45a4-8fd3-d20e1eb95989,2020-09-30 15:07,6.02756407929344
c02b365e-4d02-45a4-8fd3-d20e1eb95989,2020-09-30 15:08,6.072468717293455
c02b365e-4d02-45a4-8fd3-d20e1eb95989,2020-09-30 15:09,6.015181423244241
c02b365e-4d02-45a4-8fd3-d20e1eb95989,2020-09-30 15:10,5.947955694425224
c02b365e-4d02-45a4-8fd3-d20e1eb95989,2020-09-30 15:11,6.006995928089759
c02b365e-4d02-45a4-8fd3-d20e1eb95989,2020-09-30 15:12,6.110742181892034
c02b365e-4d02-45a4-8fd3-d20e1eb95989,2020-09-30 15:13,6.114545078970941
c02b365e-4d02-45a4-8fd3-d20e1eb95989,2020-09-30 15:14,6.072481010962709
c02b365e-4d02-45a4-8fd3-d20e1eb95989,2020-09-30 15:15,6.047868228460411
c02b365e-4d02-45a4-8fd3-d20e1eb95989,2020-09-30 15:16,6.035932424161765
c02b365e-4d02-45a4-8fd3-d20e1eb95989,2020-09-30 15:17,6.061073402543155
c02b365e-4d02-45a4-8fd3-d20e1eb95989,2020-09-30 15:18,6.0975953204713225
c02b365e-4d02-45a4-8fd3-d20e1eb95989,2020-09-30 15:19,6.097992369941348
c02b365e-4d02-45a4-8fd3-d20e1eb95989,2020-09-30 15:20,6.079344757199351
c02b365e-4d02-45a4-8fd3-d20e1eb95989,2020-09-30 15:21,6.067449698111447
c02b365e-4d02-45a4-8fd3-d20e1eb95989,2020-09-30 15:22,6.059440108733986
c02b365e-4d02-45a4-8fd3-d20e1eb95989,2020-09-30 15:23,6.054101264794318
c02b365e-4d02-45a4-8fd3-d20e1eb95989,2020-09-30 15:24,6.054016082795096
c02b365e-4d02-45a4-8fd3-d20e1eb95989,2020-09-30 15:25,6.064804522957303
c02b365e-4d02-45a4-8fd3-d20e1eb95989,2020-09-30 15:26,6.086348268936947
c02b365e-4d02-45a4-8fd3-d20e1eb95989,2020-09-30 15:27,6.122942724749786
c02b365e-4d02-45a4-8fd3-d20e1eb95989,2020-09-30 15:28,6.154372315873727
c02b365e-4d02-45a4-8fd3-d20e1eb95989,2020-09-30 15:29,6.132791091227053
c02b365e-4d02-45a4-8fd3-d20e1eb95989,2020-09-30 15:30,6.090171022142036
c02b365e-4d02-45a4-8fd3-d20e1eb95989,2020-09-30 15:31,6.121484146510689
c02b365e-4d02-45a4-8fd3-d20e1eb95989,2020-09-30 15:32,6.17806801425896
c02b365e-4d02-45a4-8fd3-d20e1eb95989,2020-09-30 15:33,6.1697525474019645
c02b365e-4d02-45a4-8fd3-d20e1eb95989,2020-09-30 15:34,6.130357129584386
c02b365e-4d02-45a4-8fd3-d20e1eb95989,2020-09-30 15:35,6.12029911880363
c02b365e-4d02-45a4-8fd3-d20e1eb95989,2020-09-30 15:36,6.126118328014087
c02b365e-4d02-45a4-8fd3-d20e1eb95989,2020-09-30 15:37,6.124952294885613
c02b365e-4d02-45a4-8fd3-d20e1eb95989,2020-09-30 15:38,6.126462635394074
c02b365e-4d02-45a4-8fd3-d20e1eb95989,2020-09-30 15:39,6.161577415000231
c02b365e-4d02-45a4-8fd3-d20e1eb95989,2020-09-30 15:40,6.19745230262249
7ae6b598-0c3c-4f9b-a794-d1f35e8341da,2020-09-30 14:40,8.579876588451926
7ae6b598-0c3c-4f9b-a794-d1f35e8341da,2020-09-30 14:41,8.53945107967591
7ae6b598-0c3c-4f9b-a794-d1f35e8341da,2020-09-30 14:42,8.495188282052688
7ae6b598-0c3c-4f9b-a794-d1f35e8341da,2020-09-30 14:43,8.499470688499311
7ae6b598-0c3c-4f9b-a794-d1f35e8341da,2020-09-30 14:44,8.507059108463094
7ae6b598-0c3c-4f9b-a794-d1f35e8341da,2020-09-30 14:45,8.493486693005535
7ae6b598-0c3c-4f9b-a794-d1f35e8341da,2020-09-30 14:46,8.476768417487703
7ae6b598-0c3c-4f9b-a794-d1f35e8341da,2020-09-30 14:47,8.485800861899492
7ae6b598-0c3c-4f9b-a794-d1f35e8341da,2020-09-30 14:48,8.49841771687193
7ae6b598-0c3c-4f9b-a794-d1f35e8341da,2020-09-30 14:49,8.538912743418724
7ae6b598-0c3c-4f9b-a794-d1f35e8341da,2020-09-30 14:50,8.585944117997085
7ae6b598-0c3c-4f9b-a794-d1f35e8341da,2020-09-30 14:51,8.593769742056262
7ae6b598-0c3c-4f9b-a794-d1f35e8341da,2020-09-30 14:52,8.597971504177709
7ae6b598-0c3c-4f9b-a794-d1f35e8341da,2020-09-30 14:53,8.593957945715843
7ae6b598-0c3c-4f9b-a794-d1f35e8341da,2020-09-30 14:54,8.588280541879701
7ae6b598-0c3c-4f9b-a794-d1f35e8341da,2020-09-30 14:55,8.584246126710923
7ae6b598-0c3c-4f9b-a794-d1f35e8341da,2020-09-30 14:56,8.577902510798923
7ae6b598-0c3c-4f9b-a794-d1f35e8341da,2020-09-30 14:57,8.587739794282335
7ae6b598-0c3c-4f9b-a794-d1f35e8341da,2020-09-30 14:58,8.600297568153435
7ae6b598-0c3c-4f9b-a794-d1f35e8341da,2020-09-30 14:59,8.600262133850856
7ae6b598-0c3c-4f9b-a794-d1f35e8341da,2020-09-30 15:00,8.598706508654688
7ae6b598-0c3c-4f9b-a794-d1f35e8341da,2020-09-30 15:01,8.622219505526909
7ae6b598-0c3c-4f9b-a794-d1f35e8341da,2020-09-30 15:02,8.651080859992627
7ae6b598-0c3c-4f9b-a794-d1f35e8341da,2020-09-30 15:03,8.615660189659673
7ae6b598-0c3c-4f9b-a794-d1f35e8341da,2020-09-30 15:04,8.571201690904514
7ae6b598-0c3c-4f9b-a794-d1f35e8341da,2020-09-30 15:05,8.604331817788957
7ae6b598-0c3c-4f9b-a794-d1f35e8341da,2020-09-30 15:06,8.657947807557527
7ae6b598-0c3c-4f9b-a794-d1f35e8341da,2020-09-30 15:07,8.66358970496515
7ae6b598-0c3c-4f9b-a794-d1f35e8341da,2020-09-30 15:08,8.662684455440576
7ae6b598-0c3c-4f9b-a794-d1f35e8341da,2020-09-30 15:09,8.680902257762046
7ae6b598-0c3c-4f9b-a794-d1f35e8341da,2020-09-30 15:10,8.70295595514182
7ae6b598-0c3c-4f9b-a794-d1f35e8341da,2020-09-30 15:11,8.685089025059968
7ae6b598-0c3c-4f9b-a794-d1f35e8341da,2020-09-30 15:12,8.65584002541976
7ae6b598-0c3c-4f9b-a794-d1f35e8341da,2020-09-30 15:13,8.681374768919527
7ae6b598-0c3c-4f9b-a794-d1f35e8341da,2020-09-30 15:14,8.722683807749231
7ae6b598-0c3c-4f9b-a794-d1f35e8341da,2020-09-30 15:15,8.709076439766651
7ae6b598-0c3c-4f9b-a794-d1f35e8341da,2020-09-30 15:16,8.67797012847681
7ae6b598-0c3c-4f9b-a794-d1f35e8341da,2020-09-30 15:17,8.687343686335655
7ae6b598-0c3c-4f9b-a794-d1f35e8341da,2020-09-30 15:18,8.70677444749013
7ae6b598-0c3c-4f9b-a794-d1f35e8341da,2020-09-30 15:19,8.74389982208142
7ae6b598-0c3c-4f9b-a794-d1f35e8341da,2020-09-30 15:20,8.79505033712056
7ae6b598-0c3c-4f9b-a794-d1f35e8341da,2020-09-30 15:21,8.79254920047789
7ae6b598-0c3c-4f9b-a794-d1f35e8341da,2020-09-30 15:22,8.779756636719727
7ae6b598-0c3c-4f9b-a794-d1f35e8341da,2020-09-30 15:23,8.773666765754514
7ae6b598-0c3c-4f9b-a794-d1f35e8341da,2020-09-30 15:24,8.764220049689921
7ae6b598-0c3c-4f9b-a794-d1f35e8341da,2020-09-30 15:25,8.748181290415804
7ae6b598-0c3c-4f9b-a794-d1f35e8341da,2020-09-30 15:26,8.722408198447507
7ae6b598-0c3c-4f9b-a794-d1f35e8341da,2020-09-30 15:27,8.741096959357655
7ae6b598-0c3c-4f9b-a794-d1f35e8341da,2020-09-30 15:28,8.77194273726875
7ae6b598-0c3c-4f9b-a794-d1f35e8341da,2020-09-30 15:29,8.760714199351629
7ae6b598-0c3c-4f9b-a794-d1f35e8341da,2020-09-30 15:30,8.733624784796104
7ae6b598-0c3c-4f9b-a794-d1f35e8341da,2020-09-30 15:31,8.765827366929692
7ae6b598-0c3c-4f9b-a794-d1f35e8341da,2020-09-30 15:32,8.82362410091939
7ae6b598-0c3c-4f9b-a794-d1f35e8341da,2020-09-30 15:33,8.831833953491492
7ae6b598-0c3c-4f9b-a794-d1f35e8341da,2020-09-30 15:34,8.831386617391164
7ae6b598-0c3c-4f9b-a794-d1f35e8341da,2020-09-30 15:35,8.843725942063232
7ae6b598-0c3c-4f9b-a794-d1f35e8341da,2020-09-30 15:36,8.862995248100086
7ae6b598-0c3c-4f9b-a794-d1f35e8341da,2020-09-30 15:37,8.855107790162503
7ae6b598-0c3c-4f9b-a794-d1f35e8341da,2020-09-30 15:38,8.831364902308902
7ae6b598-0c3c-4f9b-a794-d1f35e8341da,2020-09-30 15:39,8.800740636628403
7ae6b598-0c3c-4f9b-a794-d1f35e8341da,2020-09-30 15:40,8.75755769413953
f74ea727-ce4b-4e32-9a27-ae6352525991,2020-09-30 14:40,4.841604451097015
f74ea727-ce4b-4e32-9a27-ae6352525991,2020-09-30 14:41,4.851655573077339
f74ea727-ce4b-4e32-9a27-ae6352525991,2020-09-30 14:42,4.87053116156859
f74ea727-ce4b-4e32-9a27-ae6352525991,2020-09-30 14:43,4.857881018581798
f74ea727-ce4b-4e32-9a27-ae6352525991,2020-09-30 14:44,4.84931461309066
f74ea727-ce4b-4e32-9a27-ae6352525991,2020-09-30 14:45,4.89683441551975
f74ea727-ce4b-4e32-9a27-ae6352525991,2020-09-30 14:46,4.952826679303764
f74ea727-ce4b-4e32-9a27-ae6352525991,2020-09-30 14:47,4.945961378773612
f74ea727-ce4b-4e32-9a27-ae6352525991,2020-09-30 14:48,4.916463931848017
f74ea727-ce4b-4e32-9a27-ae6352525991,2020-09-30 14:49,4.912157758650831
f74ea727-ce4b-4e32-9a27-ae6352525991,2020-09-30 14:50,4.920402208959078
f74ea727-ce4b-4e32-9a27-ae6352525991,2020-09-30 14:51,4.934535531754212
f74ea727-ce4b-4e32-9a27-ae6352525991,2020-09-30 14:52,4.950643302965114
f74ea727-ce4b-4e32-9a27-ae6352525991,2020-09-30 14:53,4.963839834908103
f74ea727-ce4b-4e32-9a27-ae6352525991,2020-09-30 14:54,4.97047440315559
f74ea727-ce4b-4e32-9a27-ae6352525991,2020-09-30 14:55,4.958856816996387
f74ea727-ce4b-4e32-9a27-ae6352525991,2020-09-30 14:56,4.945952246880006
f74ea727-ce4b-4e32-9a27-ae6352525991,2020-09-30 14:57,4.960399608348501
f74ea727-ce4b-4e32-9a27-ae6352525991,2020-09-30 14:58,4.988087085622701
f74ea727-ce4b-4e32-9a27-ae6352525991,2020-09-30 14:59,5.0180216718660775
f74ea727-ce4b-4e32-9a27-ae6352525991,2020-09-30 15:00,5.038878624384233
f74ea727-ce4b-4e32-9a27-ae6352525991,2020-09-30 15:01,5.028230677309928
f74ea727-ce4b-4e32-9a27-ae6352525991,2020-09-30 15:02,5.000846888058669
f74ea727-ce4b-4e32-9a27-ae6352525991,2020-09-30 15:03,4.967142349576238
f74ea727-ce4b-4e32-9a27-ae6352525991,2020-09-30 15:04,4.94563210514072
f74ea727-ce4b-4e32-9a27-ae6352525991,2020-09-30 15:05,4.972357186886013
f74ea727-ce4b-4e32-9a27-ae6352525991,2020-09-30 15:06,5.0157044474800205
f74ea727-ce4b-4e32-9a27-ae6352525991,2020-09-30 15:07,5.036869365440767
f74ea727-ce4b-4e32-9a27-ae6352525991,2020-09-30 15:08,5.042890950044645
f74ea727-ce4b-4e32-9a27-ae6352525991,2020-09-30 15:09,5.030081390458205
f74ea727-ce4b-4e32-9a27-ae6352525991,2020-09-30 15:10,5.01397569806567
f74ea727-ce4b-4e32-9a27-ae6352525991,2020-09-30 15:11,5.022665876364075
f74ea727-ce4b-4e32-9a27-ae6352525991,2020-09-30 15:12,5.041179783661528
f74ea727-ce4b-4e32-9a27-ae6352525991,2020-09-30 15:13,5.050752034328343
f74ea727-ce4b-4e32-9a27-ae6352525991,2020-09-30 15:14,5.060623925318996
f74ea727-ce4b-4e32-9a27-ae6352525991,2020-09-30 15:15,5.083759102915575
f74ea727-ce4b-4e32-9a27-ae6352525991,2020-09-30 15:16,5.105914214822995
f74ea727-ce4b-4e32-9a27-ae6352525991,2020-09-30 15:17,5.101896106055122
f74ea727-ce4b-4e32-9a27-ae6352525991,2020-09-30 15:18,5.075097871788403
f74ea727-ce4b-4e32-9a27-ae6352525991,2020-09-30 15:19,5.019882959320262
f74ea727-ce4b-4e32-9a27-ae6352525991,2020-09-30 15:20,4.97117732420824
f74ea727-ce4b-4e32-9a27-ae6352525991,2020-09-30 15:21,5.0200402206029
f74ea727-ce4b-4e32-9a27-ae6352525991,2020-09-30 15:22,5.112504604135163
f74ea727-ce4b-4e32-9a27-ae6352525991,2020-09-30 15:23,5.1508042293560825
f74ea727-ce4b-4e32-9a27-ae6352525991,2020-09-30 15:24,5.154472702588473
f74ea727-ce4b-4e32-9a27-ae6352525991,2020-09-30 15:25,5.136423119102618
f74ea727-ce4b-4e32-9a27-ae6352525991,2020-09-30 15:26,5.108779162676181
f74ea727-ce4b-4e32-9a27-ae6352525991,2020-09-30 15:27,5.098259958228982
f74ea727-ce4b-4e32-9a27-ae6352525991,2020-09-30 15:28,5.093994405757951
f74ea727-ce4b-4e32-9a27-ae6352525991,2020-09-30 15:29,5.069560919948542
f74ea727-ce4b-4e32-9a27-ae6352525991,2020-09-30 15:30,5.041750434507523
f74ea727-ce4b-4e32-9a27-ae6352525991,2020-09-30 15:31,5.052371497014695
f74ea727-ce4b-4e32-9a27-ae6352525991,2020-09-30 15:32,5.080532743765003
f74ea727-ce4b-4e32-9a27-ae6352525991,2020-09-30 15:33,5.082314337341688
f74ea727-ce4b-4e32-9a27-ae6352525991,2020-09-30 15:34,5.075210311269317
f74ea727-ce4b-4e32-9a27-ae6352525991,2020-09-30 15:35,5.100408522579388
f74ea727-ce4b-4e32-9a27-ae6352525991,2020-09-30 15:36,5.137060834564083
f74ea727-ce4b-4e32-9a27-ae6352525991,2020-09-30 15:37,5.1316728845872195
f74ea727-ce4b-4e32-9a27-ae6352525991,2020-09-30 15:38,5.1123599243661095
f74ea727-ce4b-4e32-9a27-ae6352525991,2020-09-30 15:39,5.150650212346058
f74ea727-ce4b-4e32-9a27-ae6352525991,2020-09-30 15:40,5.201243686193948
5fdf036c-d2db-4a93-826f-99ec992b2758,2020-09-30 14:40,10.922801098151188
5fdf036c-d2db-4a93-826f-99ec992b2758,2020-09-30 14:41,10.895313005887699
5fdf036c-d2db-4a93-826f-99ec992b2758,2020-09-30 14:42,10.883360372375092
5fdf036c-d2db-4a93-826f-99ec992b2758,2020-09-30 14:43,10.93943298294731
5fdf036c-d2db-4a93-826f-99ec992b2758,2020-09-30 14:44,11.011450706387198
5fdf036c-d2db-4a93-826f-99ec992b2758,2020-09-30 14:45,11.038327166012587
5fdf036c-d2db-4a93-826f-99ec992b2758,2020-09-30 14:46,11.041521858398738
5fdf036c-d2db-4a93-826f-99ec992b2758,2020-09-30 14:47,11.033026645834637
5fdf036c-d2db-4a93-826f-99ec992b2758,2020-09-30 14:48,11.024948326988685
5fdf036c-d2db-4a93-826f-99ec992b2758,2020-09-30 14:49,11.039687726556547
5fdf036c-d2db-4a93-826f-99ec992b2758,2020-09-30 14:50,11.052701661932634
5fdf036c-d2db-4a93-826f-99ec992b2758,2020-09-30 14:51,11.024144473640213
5fdf036c-d2db-4a93-826f-99ec992b2758,2020-09-30 14:52,10.991241256308824
5fdf036c-d2db-4a93-826f-99ec992b2758,2020-09-30 14:53,11.020440048358541
5fdf036c-d2db-4a93-826f-99ec992b2758,2020-09-30 14:54,11.064977965107996
5fdf036c-d2db-4a93-826f-99ec992b2758,2020-09-30 14:55,11.082180074856344
5fdf036c-d2db-4a93-826f-99ec992b2758,2020-09-30 14:56,11.088489914110246
5fdf036c-d2db-4a93-826f-99ec992b2758,2020-09-30 14:57,11.096399630622223
5fdf036c-d2db-4a93-826f-99ec992b2758,2020-09-30 14:58,11.102904223628192
5fdf036c-d2db-4a93-826f-99ec992b2758,2020-09-30 14:59,11.107611091053766
5fdf036c-d2db-4a93-826f-99ec992b2758,2020-09-30 15:00,11.107920522609396
5fdf036c-d2db-4a93-826f-99ec992b2758,2020-09-30 15:01,11.098708630132839
5fdf036c-d2db-4a93-826f-99ec992b2758,2020-09-30 15:02,11.086169414786402
5fdf036c-d2db-4a93-826f-99ec992b2758,2020-09-30 15:03,11.078878787953062
5fdf036c-d2db-4a93-826f-99ec992b2758,2020-09-30 15:04,11.073148399493943
5fdf036c-d2db-4a93-826f-99ec992b2758,2020-09-30 15:05,11.057966186634241
5fdf036c-d2db-4a93-826f-99ec992b2758,2020-09-30 15:06,11.053891024349353
5fdf036c-d2db-4a93-826f-99ec992b2758,2020-09-30 15:07,11.103579714449046
5fdf036c-d2db-4a93-826f-99ec992b2758,2020-09-30 15:08,11.15546116554226
5fdf036c-d2db-4a93-826f-99ec992b2758,2020-09-30 15:09,11.13416153782226
5fdf036c-d2db-4a93-826f-99ec992b2758,2020-09-30 15:10,11.094931187046562
5fdf036c-d2db-4a93-826f-99ec992b2758,2020-09-30 15:11,11.123863283719896
5fdf036c-d2db-4a93-826f-99ec992b2758,2020-09-30 15:12,11.171847624302107
5fdf036c-d2db-4a93-826f-99ec992b2758,2020-09-30 15:13,11.15601966479381
5fdf036c-d2db-4a93-826f-99ec992b2758,2020-09-30 15:14,11.124312073730708
5fdf036c-d2db-4a93-826f-99ec992b2758,2020-09-30 15:15,11.148994457205076
5fdf036c-d2db-4a93-826f-99ec992b2758,2020-09-30 15:16,11.193639771874265
5fdf036c-d2db-4a93-826f-99ec992b2758,2020-09-30 15:17,11.199560518831916
5fdf036c-d2db-4a93-826f-99ec992b2758,2020-09-30 15:18,11.182523356354396
5fdf036c-d2db-4a93-826f-99ec992b2758,2020-09-30 15:19,11.152892609751568
5fdf036c-d2db-4a93-826f-99ec992b2758,2020-09-30 15:20,11.11899395124487
5fdf036c-d2db-4a93-826f-99ec992b2758,2020-09-30 15:21,11.10339350463402
5fdf036c-d2db-4a93-826f-99ec992b2758,2020-09-30 15:22,11.10174586620623
5fdf036c-d2db-4a93-826f-99ec992b2758,2020-09-30 15:23,11.106530108004582
5fdf036c-d2db-4a93-826f-99ec992b2758,2020-09-30 15:24,11.119838317165717
5fdf036c-d2db-4a93-826f-99ec992b2758,2020-09-30 15:25,11.146716902095308
5fdf036c-d2db-4a93-826f-99ec992b2758,2020-09-30 15:26,11.180800176998488
5fdf036c-d2db-4a93-826f-99ec992b2758,2020-09-30 15:27,11.223834293948206
5fdf036c-d2db-4a93-826f-99ec992b2758,2020-09-30 15:28,11.258683542775993
5fdf036c-d2db-4a93-826f-99ec992b2758,2020-09-30 15:29,11.244958635396221
5fdf036c-d2db-4a93-826f-99ec992b2758,2020-09-30 15:30,11.200071797333631
5fdf036c-d2db-4a93-826f-99ec992b2758,2020-09-30 15:31,11.161410296447997
5fdf036c-d2db-4a93-826f-99ec992b2758,2020-09-30 15:32,11.13760629357842
5fdf036c-d2db-4a93-826f-99ec992b2758,2020-09-30 15:33,11.166815255413933
5fdf036c-d2db-4a93-826f-99ec992b2758,2020-09-30 15:34,11.223912254857984
5fdf036c-d2db-4a93-826f-99ec992b2758,2020-09-30 15:35,11.240045389242532
5fdf036c-d2db-4a93-826f-99ec992b2758,2020-09-30 15:36,11.23751527944856
5fdf036c-d2db-4a93-826f-99ec992b2758,2020-09-30 15:37,11.263927346062362
5fdf036c-d2db-4a93-826f-99ec992b2758,2020-09-30 15:38,11.301029259614857
5fdf036c-d2db-4a93-826f-99ec992b2758,2020-09-30 15:39,11.318651629677584
5fdf036c-d2db-4a93-826f-99ec992b2758,2020-09-30 15:40,11.323707503602572
da22d703-73ba-4499-a856-39056b67c306,2020-09-30 14:40,5.525430016277295
da22d703-73ba-4499-a856-39056b67c306,2020-09-30 14:41,5.486929162045075
da22d703-73ba-4499-a856-39056b67c306,2020-09-30 14:42,5.435518159209752
da22d703-73ba-4499-a856-39056b67c306,2020-09-30 14:43,5.457452872670738
da22d703-73ba-4499-a856-39056b67c306,2020-09-30 14:44,5.506811266562892
da22d703-73ba-4499-a856-39056b67c306,2020-09-30 14:45,5.535311549407073
da22d703-73ba-4499-a856-39056b67c306,2020-09-30 14:46,5.547740889617245
da22d703-73ba-4499-a856-39056b67c306,2020-09-30 14:47,5.529370491468896
da22d703-73ba-4499-a856-39056b67c306,2020-09-30 14:48,5.5091286223408025
da22d703-73ba-4499-a856-39056b67c306,2020-09-30 14:49,5.5214615529250395
da22d703-73ba-4499-a856-39056b67c306,2020-09-30 14:50,5.5500184893570825
da22d703-73ba-4499-a856-39056b67c306,2020-09-30 14:51,5.58586466971215
da22d703-73ba-4499-a856-39056b67c306,2020-09-30 14:52,5.599927039176779
da22d703-73ba-4499-a856-39056b67c306,2020-09-30 14:53,5.537687882986346
da22d703-73ba-4499-a856-39056b67c306,2020-09-30 14:54,5.458797394499134
da22d703-73ba-4499-a856-39056b67c306,2020-09-30 14:55,5.447474516870454
da22d703-73ba-4499-a856-39056b67c306,2020-09-30 14:56,5.4767154479647795
da22d703-73ba-4499-a856-39056b67c306,2020-09-30 14:57,5.528515388281245
da22d703-73ba-4499-a856-39056b67c306,2020-09-30 14:58,5.589218968382036
da22d703-73ba-4499-a856-39056b67c306,2020-09-30 14:59,5.624492072503662
da22d703-73ba-4499-a856-39056b67c306,2020-09-30 15:00,5.641551922994237
da22d703-73ba-4499-a856-39056b67c306,2020-09-30 15:01,5.640443919529053
da22d703-73ba-4499-a856-39056b67c306,2020-09-30 15:02,5.628912509838035
da22d703-73ba-4499-a856-39056b67c306,2020-09-30 15:03,5.618772296727046
da22d703-73ba-4499-a856-39056b67c306,2020-09-30 15:04,5.602541022202876
da22d703-73ba-4499-a856-39056b67c306,2020-09-30 15:05,5.567426504745599
da22d703-73ba-4499-a856-39056b67c306,2020-09-30 15:06,5.528499359842803
da22d703-73ba-4499-a856-39056b67c306,2020-09-30 15:07,5.5031437973778115
da22d703-73ba-4499-a856-39056b67c306,2020-09-30 15:08,5.504309573336907
da22d703-73ba-4499-a856-39056b67c306,2020-09-30 15:09,5.572295646950255
da22d703-73ba-4499-a856-39056b67c306,2020-09-30 15:10,5.661888123064501
da22d703-73ba-4499-a856-39056b67c306,2020-09-30 15:11,5.677253283584195
da22d703-73ba-4499-a856-39056b67c306,2020-09-30 15:12,5.651497546714038
da22d703-73ba-4499-a856-39056b67c306,2020-09-30 15:13,5.612029958608106
da22d703-73ba-4499-a856-39056b67c306,2020-09-30 15:14,5.577623772565448
da22d703-73ba-4499-a856-39056b67c306,2020-09-30 15:15,5.619036497449624
da22d703-73ba-4499-a856-39056b67c306,2020-09-30 15:16,5.690188230770536
da22d703-73ba-4499-a856-39056b67c306,2020-09-30 15:17,5.723412784002814
da22d703-73ba-4499-a856-39056b67c306,2020-09-30 15:18,5.7351160456438235
da22d703-73ba-4499-a856-39056b67c306,2020-09-30 15:19,5.737130075144204
da22d703-73ba-4499-a856-39056b67c306,2020-09-30 15:20,5.733639643784401
da22d703-73ba-4499-a856-39056b67c306,2020-09-30 15:21,5.738124754839862
da22d703-73ba-4499-a856-39056b67c306,2020-09-30 15:22,5.7417948873940095
da22d703-73ba-4499-a856-39056b67c306,2020-09-30 15:23,5.728326000807013
da22d703-73ba-4499-a856-39056b67c306,2020-09-30 15:24,5.701202735470067
da22d703-73ba-4499-a856-39056b67c306,2020-09-30 15:25,5.657051213733203
da22d703-73ba-4499-a856-39056b67c306,2020-09-30 15:26,5.614712689921407
da22d703-73ba-4499-a856-39056b67c306,2020-09-30 15:27,5.611699774746615
da22d703-73ba-4499-a856-39056b67c306,2020-09-30 15:28,5.634051700343453
da22d703-73ba-4499-a856-39056b67c306,2020-09-30 15:29,5.646684730729429
da22d703-73ba-4499-a856-39056b67c306,2020-09-30 15:30,5.662509518731536
da22d703-73ba-4499-a856-39056b67c306,2020-09-30 15:31,5.710027015689937
da22d703-73ba-4499-a856-39056b67c306,2020-09-30 15:32,5.762285157590968
da22d703-73ba-4499-a856-39056b67c306,2020-09-30 15:33,5.776338300141058
da22d703-73ba-4499-a856-39056b67c306,2020-09-30 15:34,5.7695133832775785
da22d703-73ba-4499-a856-39056b67c306,2020-09-30 15:35,5.785413809237854
da22d703-73ba-4499-a856-39056b67c306,2020-09-30 15:36,5.806880203547116
da22d703-73ba-4499-a856-39056b67c306,2020-09-30 15:37,5.794476440467815
da22d703-73ba-4499-a856-39056b67c306,2020-09-30 15:38,5.771730216725862
da22d703-73ba-4499-a856-39056b67c306,2020-09-30 15:39,5.7957167305886355
da22d703-73ba-4499-a856-39056b67c306,2020-09-30 15:40,5.832943598085763
48e71839-659d-4fa4-9bc1-0325cc8c0f64,2020-09-30 14:40,8.677029322290855
48e71839-659d-4fa4-9bc1-0325cc8c0f64,2020-09-30 14:41,8.655926440502872
48e71839-659d-4fa4-9bc1-0325cc8c0f64,2020-09-30 14:42,8.634550471630728
48e71839-659d-4fa4-9bc1-0325cc8c0f64,2020-09-30 14:43,8.65603235250972
48e71839-659d-4fa4-9bc1-0325cc8c0f64,2020-09-30 14:44,8.686308564656454
48e71839-659d-4fa4-9bc1-0325cc8c0f64,2020-09-30 14:45,8.691017483410036
48e71839-659d-4fa4-9bc1-0325cc8c0f64,2020-09-30 14:46,8.688551840078832
48e71839-659d-4fa4-9bc1-0325cc8c0f64,2020-09-30 14:47,8.704549768671226
48e71839-659d-4fa4-9bc1-0325cc8c0f64,2020-09-30 14:48,8.711185340773737
48e71839-659d-4fa4-9bc1-0325cc8c0f64,2020-09-30 14:49,8.659431275568883
48e71839-659d-4fa4-9bc1-0325cc8c0f64,2020-09-30 14:50,8.60753607400317
48e71839-659d-4fa4-9bc1-0325cc8c0f64,2020-09-30 14:51,8.648254086423638
48e71839-659d-4fa4-9bc1-0325cc8c0f64,2020-09-30 14:52,8.70377768942647
48e71839-659d-4fa4-9bc1-0325cc8c0f64,2020-09-30 14:53,8.673171197375392
48e71839-659d-4fa4-9bc1-0325cc8c0f64,2020-09-30 14:54,8.629227998795818
48e71839-659d-4fa4-9bc1-0325cc8c0f64,2020-09-30 14:55,8.69243448792293
48e71839-659d-4fa4-9bc1-0325cc8c0f64,2020-09-30 14:56,8.768680439576254
48e71839-659d-4fa4-9bc1-0325cc8c0f64,2020-09-30 14:57,8.744780203664074
48e71839-659d-4fa4-9bc1-0325cc8c0f64,2020-09-30 14:58,8.685270954456369
48e71839-659d-4fa4-9bc1-0325cc8c0f64,2020-09-30 14:59,8.65941656365531
48e71839-659d-4fa4-9bc1-0325cc8c0f64,2020-09-30 15:00,8.657443117216639
48e71839-659d-4fa4-9bc1-0325cc8c0f64,2020-09-30 15:01,8.685199592503938
48e71839-659d-4fa4-9bc1-0325cc8c0f64,2020-09-30 15:02,8.724409570530998
48e71839-659d-4fa4-9bc1-0325cc8c0f64,2020-09-30 15:03,8.739437776531561
48e71839-659d-4fa4-9bc1-0325cc8c0f64,2020-09-30 15:04,8.750087660105978
48e71839-659d-4fa4-9bc1-0325cc8c0f64,2020-09-30 15:05,8.783229157632817
48e71839-659d-4fa4-9bc1-0325cc8c0f64,2020-09-30 15:06,8.813170976157688
48e71839-659d-4fa4-9bc1-0325cc8c0f64,2020-09-30 15:07,8.789734364034935
48e71839-659d-4fa4-9bc1-0325cc8c0f64,2020-09-30 15:08,8.741012851269176
48e71839-659d-4fa4-9bc1-0325cc8c0f64,2020-09-30 15:09,8.707275297345445
48e71839-659d-4fa4-9bc1-0325cc8c0f64,2020-09-30 15:10,8.686512960017751
48e71839-659d-4fa4-9bc1-0325cc8c0f64,2020-09-30 15:11,8.696681721730034
48e71839-659d-4fa4-9bc1-0325cc8c0f64,2020-09-30 15:12,8.722542454367655
48e71839-659d-4fa4-9bc1-0325cc8c0f64,2020-09-30 15:13,8.755404824814814
48e71839-659d-4fa4-9bc1-0325cc8c0f64,2020-09-30 15:14,8.782657290549416
48e71839-659d-4fa4-9bc1-0325cc8c0f64,2020-09-30 15:15,8.76057092785162
48e71839-659d-4fa4-9bc1-0325cc8c0f64,2020-09-30 15:16,8.726648493675466
48e71839-659d-4fa4-9bc1-0325cc8c0f64,2020-09-30 15:17,8.740131781808705
48e71839-659d-4fa4-9bc1-0325cc8c0f64,2020-09-30 15:18,8.772174557112123
48e71839-659d-4fa4-9bc1-0325cc8c0f64,2020-09-30 15:19,8.78477835417912
48e71839-659d-4fa4-9bc1-0325cc8c0f64,2020-09-30 15:20,8.79357452712813
48e71839-659d-4fa4-9bc1-0325cc8c0f64,2020-09-30 15:21,8.825297070616426
48e71839-659d-4fa4-9bc1-0325cc8c0f64,2020-09-30 15:22,8.858754315984893
48e71839-659d-4fa4-9bc1-0325cc8c0f64,2020-09-30 15:23,8.840116468603574
48e71839-659d-4fa4-9bc1-0325cc8c0f64,2020-09-30 15:24,8.80131303934988
48e71839-659d-4fa4-9bc1-0325cc8c0f64,2020-09-30 15:25,8.800090983351225
48e71839-659d-4fa4-9bc1-0325cc8c0f64,2020-09-30 15:26,8.823220687713247
48e71839-659d-4fa4-9bc1-0325cc8c0f64,2020-09-30 15:27,8.84991347637728
48e71839-659d-4fa4-9bc1-0325cc8c0f64,2020-09-30 15:28,8.875640252738245
48e71839-659d-4fa4-9bc1-0325cc8c0f64,2020-09-30 15:29,8.870741768755838
48e71839-659d-4fa4-9bc1-0325cc8c0f64,2020-09-30 15:30,8.849283116726138
48e71839-659d-4fa4-9bc1-0325cc8c0f64,2020-09-30 15:31,8.840340529797361
48e71839-659d-4fa4-9bc1-0325cc8c0f64,2020-09-30 15:32,8.83643643720297
48e71839-659d-4fa4-9bc1-0325cc8c0f64,2020-09-30 15:33,8.823796972675032
48e71839-659d-4fa4-9bc1-0325cc8c0f64,2020-09-30 15:34,8.813507661215345
48e71839-659d-4fa4-9bc1-0325cc8c0f64,2020-09-30 15:35,8.834036510492817
48e71839-659d-4fa4-9bc1-0325cc8c0f64,2020-09-30 15:36,8.869540162585796
48e71839-659d-4fa4-9bc1-0325cc8c0f64,2020-09-30 15:37,8.888857730710319
48e71839-659d-4fa4-9bc1-0325cc8c0f64,2020-09-30 15:38,8.897233674694087
48e71839-659d-4fa4-9bc1-0325cc8c0f64,2020-09-30 15:39,8.909419715041583
48e71839-659d-4fa4-9bc1-0325cc8c0f64,2020-09-30 15:40,8.919577114867925
c8bdad0a-db01-46d3-ae54-dc43348ea669,2020-09-30 14:40,3.1028033710044
c8bdad0a-db01-46d3-ae54-dc43348ea669,2020-09-30 14:41,3.106996236640296
c8bdad0a-db01-46d3-ae54-dc43348ea669,2020-09-30 14:42,3.101064177068455
c8bdad0a-db01-46d3-ae54-dc43348ea669,2020-09-30 14:43,3.087218496679521
c8bdad0a-db01-46d3-ae54-dc43348ea669,2020-09-30 14:44,3.061887039970432
c8bdad0a-db01-46d3-ae54-dc43348ea669,2020-09-30 14:45,3.024456654707097
c8bdad0a-db01-46d3-ae54-dc43348ea669,2020-09-30 14:46,3.0030429958511378
c8bdad0a-db01-46d3-ae54-dc43348ea669,2020-09-30 14:47,3.0496669670529704
c8bdad0a-db01-46d3-ae54-dc43348ea669,2020-09-30 14:48,3.1016513152613596
c8bdad0a-db01-46d3-ae54-dc43348ea669,2020-09-30 14:49,3.0642631336407575
c8bdad0a-db01-46d3-ae54-dc43348ea669,2020-09-30 14:50,3.008985047079254
c8bdad0a-db01-46d3-ae54-dc43348ea669,2020-09-30 14:51,2.9985248458982294
c8bdad0a-db01-46d3-ae54-dc43348ea669,2020-09-30 14:52,3.012548201696194
c8bdad0a-db01-46d3-ae54-dc43348ea669,2020-09-30 14:53,3.0414408389785184
c8bdad0a-db01-46d3-ae54-dc43348ea669,2020-09-30 14:54,3.070532462931459
c8bdad0a-db01-46d3-ae54-dc43348ea669,2020-09-30 14:55,3.071190212567655
c8bdad0a-db01-46d3-ae54-dc43348ea669,2020-09-30 14:56,3.0606453251560866
c8bdad0a-db01-46d3-ae54-dc43348ea669,2020-09-30 14:57,3.05329151083504
c8bdad0a-db01-46d3-ae54-dc43348ea669,2020-09-30 14:58,3.045056747688198
c8bdad0a-db01-46d3-ae54-dc43348ea669,2020-09-30 14:59,3.034626775372401
c8bdad0a-db01-46d3-ae54-dc43348ea669,2020-09-30 15:00,3.0377613633064127
c8bdad0a-db01-46d3-ae54-dc43348ea669,2020-09-30 15:01,3.0867430373661096
c8bdad0a-db01-46d3-ae54-dc43348ea669,2020-09-30 15:02,3.1414371785904325
c8bdad0a-db01-46d3-ae54-dc43348ea669,2020-09-30 15:03,3.1453236799171083
c8bdad0a-db01-46d3-ae54-dc43348ea669,2020-09-30 15:04,3.135398605213827
c8bdad0a-db01-46d3-ae54-dc43348ea669,2020-09-30 15:05,3.1673227818767544
c8bdad0a-db01-46d3-ae54-dc43348ea669,2020-09-30 15:06,3.20226748681794
c8bdad0a-db01-46d3-ae54-dc43348ea669,2020-09-30 15:07,3.18084295901603
c8bdad0a-db01-46d3-ae54-dc43348ea669,2020-09-30 15:08,3.14993052367453
c8bdad0a-db01-46d3-ae54-dc43348ea669,2020-09-30 15:09,3.1885651792798657
c8bdad0a-db01-46d3-ae54-dc43348ea669,2020-09-30 15:10,3.240631497642428
c8bdad0a-db01-46d3-ae54-dc43348ea669,2020-09-30 15:11,3.19682293566449
c8bdad0a-db01-46d3-ae54-dc43348ea669,2020-09-30 15:12,3.1241443827125996
c8bdad0a-db01-46d3-ae54-dc43348ea669,2020-09-30 15:13,3.1386547990840934
c8bdad0a-db01-46d3-ae54-dc43348ea669,2020-09-30 15:14,3.187173825979751
c8bdad0a-db01-46d3-ae54-dc43348ea669,2020-09-30 15:15,3.2300385516213552
c8bdad0a-db01-46d3-ae54-dc43348ea669,2020-09-30 15:16,3.265646216339654
c8bdad0a-db01-46d3-ae54-dc43348ea669,2020-09-30 15:17,3.252903027322472
c8bdad0a-db01-46d3-ae54-dc43348ea669,2020-09-30 15:18,3.214384325987575
c8bdad0a-db01-46d3-ae54-dc43348ea669,2020-09-30 15:19,3.18271725243965
c8bdad0a-db01-46d3-ae54-dc43348ea669,2020-09-30 15:20,3.160340566880674
c8bdad0a-db01-46d3-ae54-dc43348ea669,2020-09-30 15:21,3.173043568622983
c8bdad0a-db01-46d3-ae54-dc43348ea669,2020-09-30 15:22,3.2003308119679086
c8bdad0a-db01-46d3-ae54-dc43348ea669,2020-09-30 15:23,3.1929808694496478
c8bdad0a-db01-46d3-ae54-dc43348ea669,2020-09-30 15:24,3.183996805220414
c8bdad0a-db01-46d3-ae54-dc43348ea669,2020-09-30 15:25,3.2391491327084596
c8bdad0a-db01-46d3-ae54-dc43348ea669,2020-09-30 15:26,3.309148597596104
c8bdad0a-db01-46d3-ae54-dc43348ea669,2020-09-30 15:27,3.303081314627037
c8bdad0a-db01-46d3-ae54-dc43348ea669,2020-09-30 15:28,3.264498434893862
c8bdad0a-db01-46d3-ae54-dc43348ea669,2020-09-30 15:29,3.2971642998538426
c8bdad0a-db01-46d3-ae54-dc43348ea669,2020-09-30 15:30,3.351480720027425
c8bdad0a-db01-46d3-ae54-dc43348ea669,2020-09-30 15:31,3.334985093157706
c8bdad0a-db01-46d3-ae54-dc43348ea669,2020-09-30 15:32,3.282713051291831
c8bdad0a-db01-46d3-ae54-dc43348ea669,2020-09-30 15:33,3.2515978566457466
c8bdad0a-db01-46d3-ae54-dc43348ea669,2020-09-30 15:34,3.239386149159718
c8bdad0a-db01-46d3-ae54-dc43348ea669,2020-09-30 15:35,3.263375560895734
c8bdad0a-db01-46d3-ae54-dc43348ea669,2020-09-30 15:36,3.3005889798492176
c8bdad0a-db01-46d3-ae54-dc43348ea669,2020-09-30 15:37,3.2893857013374337
c8bdad0a-db01-46d3-ae54-dc43348ea669,2020-09-30 15:38,3.2594822525444918
c8bdad0a-db01-46d3-ae54-dc43348ea669,2020-09-30 15:39,3.2467631119420957
c8bdad0a-db01-46d3-ae54-dc43348ea669,2020-09-30 15:40,3.2449923330677186
6cace925-d361-45c5-b162-2fbf1a77c8f0,2020-09-30 14:40,3.438778730531728
6cace925-d361-45c5-b162-2fbf1a77c8f0,2020-09-30 14:41,3.4446003912723913
6cace925-d361-45c5-b162-2fbf1a77c8f0,2020-09-30 14:38,3.3586082031370235
6cace925-d361-45c5-b162-2fbf1a77c8f0,2020-09-30 14:42,3.450364074855491
6cace925-d361-45c5-b162-2fbf1a77c8f0,2020-09-30 14:43,3.441216268716945
6cace925-d361-45c5-b162-2fbf1a77c8f0,2020-09-30 14:44,3.4288276313873696
6cace925-d361-45c5-b162-2fbf1a77c8f0,2020-09-30 14:45,3.456673263218987
6cace925-d361-45c5-b162-2fbf1a77c8f0,2020-09-30 14:46,3.4944118588278386
6cace925-d361-45c5-b162-2fbf1a77c8f0,2020-09-30 14:47,3.4928216944219885
6cace925-d361-45c5-b162-2fbf1a77c8f0,2020-09-30 14:48,3.48698316702143
6cace925-d361-45c5-b162-2fbf1a77c8f0,2020-09-30 14:49,3.486513323905271
6cace925-d361-45c5-b162-2fbf1a77c8f0,2020-09-30 14:50,3.4832275833497315
6cace925-d361-45c5-b162-2fbf1a77c8f0,2020-09-30 14:51,3.4964461062788814
6cace925-d361-45c5-b162-2fbf1a77c8f0,2020-09-30 14:52,3.5079953987201926
6cace925-d361-45c5-b162-2fbf1a77c8f0,2020-09-30 14:53,3.488962955569494
6cace925-d361-45c5-b162-2fbf1a77c8f0,2020-09-30 14:54,3.4696971243465278
6cace925-d361-45c5-b162-2fbf1a77c8f0,2020-09-30 14:55,3.466405660263278
6cace925-d361-45c5-b162-2fbf1a77c8f0,2020-09-30 14:56,3.4643902608860433
6cace925-d361-45c5-b162-2fbf1a77c8f0,2020-09-30 14:57,3.4792860482341608
6cace925-d361-45c5-b162-2fbf1a77c8f0,2020-09-30 14:58,3.4934755421400916
6cace925-d361-45c5-b162-2fbf1a77c8f0,2020-09-30 14:59,3.49293575622087
6cace925-d361-45c5-b162-2fbf1a77c8f0,2020-09-30 15:00,3.492257775397404
6cace925-d361-45c5-b162-2fbf1a77c8f0,2020-09-30 15:01,3.5089658528367758
6cace925-d361-45c5-b162-2fbf1a77c8f0,2020-09-30 15:02,3.5296157531674712
6cace925-d361-45c5-b162-2fbf1a77c8f0,2020-09-30 15:03,3.5431503953573737
6cace925-d361-45c5-b162-2fbf1a77c8f0,2020-09-30 15:04,3.5605779185568918
6cace925-d361-45c5-b162-2fbf1a77c8f0,2020-09-30 15:05,3.5603648550037925
6cace925-d361-45c5-b162-2fbf1a77c8f0,2020-09-30 15:06,3.552402005093886
6cace925-d361-45c5-b162-2fbf1a77c8f0,2020-09-30 15:07,3.5770398356872426
6cace925-d361-45c5-b162-2fbf1a77c8f0,2020-09-30 15:08,3.6109505584527404
6cace925-d361-45c5-b162-2fbf1a77c8f0,2020-09-30 15:09,3.5995490723583723
6cace925-d361-45c5-b162-2fbf1a77c8f0,2020-09-30 15:10,3.5793244976346013
6cace925-d361-45c5-b162-2fbf1a77c8f0,2020-09-30 15:11,3.5829339726888265
6cace925-d361-45c5-b162-2fbf1a77c8f0,2020-09-30 15:12,3.587119947570811
6cace925-d361-45c5-b162-2fbf1a77c8f0,2020-09-30 15:13,3.5965104350223007
6cace925-d361-45c5-b162-2fbf1a77c8f0,2020-09-30 15:14,3.611463178209461
6cace925-d361-45c5-b162-2fbf1a77c8f0,2020-09-30 15:15,3.616509105239328
6cace925-d361-45c5-b162-2fbf1a77c8f0,2020-09-30 15:16,3.6193291130085745
6cace925-d361-45c5-b162-2fbf1a77c8f0,2020-09-30 15:17,3.628359243254961
6cace925-d361-45c5-b162-2fbf1a77c8f0,2020-09-30 15:18,3.63475274679087
6cace925-d361-45c5-b162-2fbf1a77c8f0,2020-09-30 15:19,3.6072088581142916
6cace925-d361-45c5-b162-2fbf1a77c8f0,2020-09-30 15:20,3.568895964060603
6cace925-d361-45c5-b162-2fbf1a77c8f0,2020-09-30 15:21,3.584581724583187
6cace925-d361-45c5-b162-2fbf1a77c8f0,2020-09-30 15:22,3.613236930425122
6cace925-d361-45c5-b162-2fbf1a77c8f0,2020-09-30 15:23,3.6473305459069465
6cace925-d361-45c5-b162-2fbf1a77c8f0,2020-09-30 15:24,3.693161861270634
6cace925-d361-45c5-b162-2fbf1a77c8f0,2020-09-30 15:25,3.672862839624213
6cace925-d361-45c5-b162-2fbf1a77c8f0,2020-09-30 15:26,3.632730087573283
6cace925-d361-45c5-b162-2fbf1a77c8f0,2020-09-30 15:27,3.6201488009971348
6cace925-d361-45c5-b162-2fbf1a77c8f0,2020-09-30 15:28,3.606797213204275
6cace925-d361-45c5-b162-2fbf1a77c8f0,2020-09-30 15:29,3.6234879610668216
6cace925-d361-45c5-b162-2fbf1a77c8f0,2020-09-30 15:30,3.65447816715032
6cace925-d361-45c5-b162-2fbf1a77c8f0,2020-09-30 15:31,3.6646094091399193
6cace925-d361-45c5-b162-2fbf1a77c8f0,2020-09-30 15:32,3.668206921100831
6cace925-d361-45c5-b162-2fbf1a77c8f0,2020-09-30 15:33,3.680340985655751
6cace925-d361-45c5-b162-2fbf1a77c8f0,2020-09-30 15:34,3.698771734971919
6cace925-d361-45c5-b162-2fbf1a77c8f0,2020-09-30 15:35,3.7042498212978954
6cace925-d361-45c5-b162-2fbf1a77c8f0,2020-09-30 15:36,3.7091529097666323
6cace925-d361-45c5-b162-2fbf1a77c8f0,2020-09-30 15:37,3.7077592676124573
6cace925-d361-45c5-b162-2fbf1a77c8f0,2020-09-30 15:38,3.6983587096965502
6cace925-d361-45c5-b162-2fbf1a77c8f0,2020-09-30 15:39,3.6913445363259476
6cace925-d361-45c5-b162-2fbf1a77c8f0,2020-09-30 15:40,3.6832416816570457
35c9e767-6117-4edb-91fe-eb3dbc89d6d2,2020-09-30 14:40,8.26556943648712
35c9e767-6117-4edb-91fe-eb3dbc89d6d2,2020-09-30 14:41,8.232870470317035
35c9e767-6117-4edb-91fe-eb3dbc89d6d2,2020-09-30 14:42,8.190272828764053
35c9e767-6117-4edb-91fe-eb3dbc89d6d2,2020-09-30 14:43,8.170747262758514
35c9e767-6117-4edb-91fe-eb3dbc89d6d2,2020-09-30 14:44,8.170147167346267
35c9e767-6117-4edb-91fe-eb3dbc89d6d2,2020-09-30 14:45,8.202366845921636
35c9e767-6117-4edb-91fe-eb3dbc89d6d2,2020-09-30 14:46,8.23918096985936
35c9e767-6117-4edb-91fe-eb3dbc89d6d2,2020-09-30 14:47,8.248504995466872
35c9e767-6117-4edb-91fe-eb3dbc89d6d2,2020-09-30 14:48,8.25212952797518
35c9e767-6117-4edb-91fe-eb3dbc89d6d2,2020-09-30 14:49,8.275020709757591
35c9e767-6117-4edb-91fe-eb3dbc89d6d2,2020-09-30 14:50,8.292149377570968
35c9e767-6117-4edb-91fe-eb3dbc89d6d2,2020-09-30 14:51,8.269290048920475
35c9e767-6117-4edb-91fe-eb3dbc89d6d2,2020-09-30 14:52,8.231092098589786
35c9e767-6117-4edb-91fe-eb3dbc89d6d2,2020-09-30 14:53,8.19311194276156
35c9e767-6117-4edb-91fe-eb3dbc89d6d2,2020-09-30 14:54,8.184132458860741
35c9e767-6117-4edb-91fe-eb3dbc89d6d2,2020-09-30 14:55,8.269355741337582
35c9e767-6117-4edb-91fe-eb3dbc89d6d2,2020-09-30 14:56,8.363575355799874
35c9e767-6117-4edb-91fe-eb3dbc89d6d2,2020-09-30 14:57,8.353583106155034
35c9e767-6117-4edb-91fe-eb3dbc89d6d2,2020-09-30 14:58,8.293745320040092
35c9e767-6117-4edb-91fe-eb3dbc89d6d2,2020-09-30 14:59,8.259832119887083
35c9e767-6117-4edb-91fe-eb3dbc89d6d2,2020-09-30 15:00,8.253612512938938
35c9e767-6117-4edb-91fe-eb3dbc89d6d2,2020-09-30 15:01,8.315488682527501
35c9e767-6117-4edb-91fe-eb3dbc89d6d2,2020-09-30 15:02,8.381722529932398
35c9e767-6117-4edb-91fe-eb3dbc89d6d2,2020-09-30 15:03,8.328906333102035
35c9e767-6117-4edb-91fe-eb3dbc89d6d2,2020-09-30 15:04,8.252038582709758
35c9e767-6117-4edb-91fe-eb3dbc89d6d2,2020-09-30 15:05,8.311946133779267
35c9e767-6117-4edb-91fe-eb3dbc89d6d2,2020-09-30 15:06,8.41138277234338
35c9e767-6117-4edb-91fe-eb3dbc89d6d2,2020-09-30 15:07,8.406496629569883
35c9e767-6117-4edb-91fe-eb3dbc89d6d2,2020-09-30 15:08,8.363315552493297
35c9e767-6117-4edb-91fe-eb3dbc89d6d2,2020-09-30 15:09,8.37055301901566
35c9e767-6117-4edb-91fe-eb3dbc89d6d2,2020-09-30 15:10,8.393642659611476
35c9e767-6117-4edb-91fe-eb3dbc89d6d2,2020-09-30 15:11,8.381766773255872
35c9e767-6117-4edb-91fe-eb3dbc89d6d2,2020-09-30 15:12,8.367132473305741
35c9e767-6117-4edb-91fe-eb3dbc89d6d2,2020-09-30 15:13,8.405021570483306
35c9e767-6117-4edb-91fe-eb3dbc89d6d2,2020-09-30 15:14,8.454100379185602
35c9e767-6117-4edb-91fe-eb3dbc89d6d2,2020-09-30 15:15,8.44306704331204
35c9e767-6117-4edb-91fe-eb3dbc89d6d2,2020-09-30 15:16,8.407952190223627
35c9e767-6117-4edb-91fe-eb3dbc89d6d2,2020-09-30 15:17,8.42978699615202
35c9e767-6117-4edb-91fe-eb3dbc89d6d2,2020-09-30 15:18,8.464373305748042
35c9e767-6117-4edb-91fe-eb3dbc89d6d2,2020-09-30 15:19,8.428852133986762
35c9e767-6117-4edb-91fe-eb3dbc89d6d2,2020-09-30 15:20,8.381606211707915
35c9e767-6117-4edb-91fe-eb3dbc89d6d2,2020-09-30 15:21,8.42181235662726
35c9e767-6117-4edb-91fe-eb3dbc89d6d2,2020-09-30 15:22,8.491007451709999
35c9e767-6117-4edb-91fe-eb3dbc89d6d2,2020-09-30 15:23,8.499600201709363
35c9e767-6117-4edb-91fe-eb3dbc89d6d2,2020-09-30 15:24,8.47719643892219
35c9e767-6117-4edb-91fe-eb3dbc89d6d2,2020-09-30 15:25,8.458287304250936
35c9e767-6117-4edb-91fe-eb3dbc89d6d2,2020-09-30 15:26,8.449668260693063
35c9e767-6117-4edb-91fe-eb3dbc89d6d2,2020-09-30 15:27,8.48306982992733
35c9e767-6117-4edb-91fe-eb3dbc89d6d2,2020-09-30 15:28,8.525733584924124
35c9e767-6117-4edb-91fe-eb3dbc89d6d2,2020-09-30 15:29,8.504598050630218
35c9e767-6117-4edb-91fe-eb3dbc89d6d2,2020-09-30 15:30,8.458682477895074
35c9e767-6117-4edb-91fe-eb3dbc89d6d2,2020-09-30 15:31,8.465007702881286
35c9e767-6117-4edb-91fe-eb3dbc89d6d2,2020-09-30 15:32,8.4935218583774
35c9e767-6117-4edb-91fe-eb3dbc89d6d2,2020-09-30 15:33,8.482125415873467
35c9e767-6117-4edb-91fe-eb3dbc89d6d2,2020-09-30 15:34,8.452955845519757
35c9e767-6117-4edb-91fe-eb3dbc89d6d2,2020-09-30 15:35,8.432282604381728
35c9e767-6117-4edb-91fe-eb3dbc89d6d2,2020-09-30 15:36,8.42453533222641
35c9e767-6117-4edb-91fe-eb3dbc89d6d2,2020-09-30 15:37,8.457120147560943
35c9e767-6117-4edb-91fe-eb3dbc89d6d2,2020-09-30 15:38,8.511710645329295
35c9e767-6117-4edb-91fe-eb3dbc89d6d2,2020-09-30 15:39,8.5284027459199
35c9e767-6117-4edb-91fe-eb3dbc89d6d2,2020-09-30 15:40,8.528307803228497
a47982c5-9f7c-463e-8c26-abbd540c40d4,2020-09-30 14:40,11.280288521444461
a47982c5-9f7c-463e-8c26-abbd540c40d4,2020-09-30 14:41,11.28794896858465
a47982c5-9f7c-463e-8c26-abbd540c40d4,2020-09-30 14:42,11.301120793037798
a47982c5-9f7c-463e-8c26-abbd540c40d4,2020-09-30 14:43,11.31419614764335
a47982c5-9f7c-463e-8c26-abbd540c40d4,2020-09-30 14:44,11.326172140330447
a47982c5-9f7c-463e-8c26-abbd540c40d4,2020-09-30 14:45,11.341150914208214
a47982c5-9f7c-463e-8c26-abbd540c40d4,2020-09-30 14:46,11.353057651932469
a47982c5-9f7c-463e-8c26-abbd540c40d4,2020-09-30 14:47,11.352172856134363
a47982c5-9f7c-463e-8c26-abbd540c40d4,2020-09-30 14:48,11.351582162674607
a47982c5-9f7c-463e-8c26-abbd540c40d4,2020-09-30 14:49,11.373193004895644
a47982c5-9f7c-463e-8c26-abbd540c40d4,2020-09-30 14:50,11.39811619515071
a47982c5-9f7c-463e-8c26-abbd540c40d4,2020-09-30 14:51,11.396326051403095
a47982c5-9f7c-463e-8c26-abbd540c40d4,2020-09-30 14:52,11.395655244873279
a47982c5-9f7c-463e-8c26-abbd540c40d4,2020-09-30 14:53,11.436743643582432
a47982c5-9f7c-463e-8c26-abbd540c40d4,2020-09-30 14:54,11.476037193833198
a47982c5-9f7c-463e-8c26-abbd540c40d4,2020-09-30 14:55,11.442878325698858
a47982c5-9f7c-463e-8c26-abbd540c40d4,2020-09-30 14:56,11.383253233475369
a47982c5-9f7c-463e-8c26-abbd540c40d4,2020-09-30 14:57,11.372652149790758
a47982c5-9f7c-463e-8c26-abbd540c40d4,2020-09-30 14:58,11.386250575193218
a47982c5-9f7c-463e-8c26-abbd540c40d4,2020-09-30 14:59,11.416703994055252
a47982c5-9f7c-463e-8c26-abbd540c40d4,2020-09-30 15:00,11.449892611196658
a47982c5-9f7c-463e-8c26-abbd540c40d4,2020-09-30 15:01,11.478690125204315
a47982c5-9f7c-463e-8c26-abbd540c40d4,2020-09-30 15:02,11.494188806510659
a47982c5-9f7c-463e-8c26-abbd540c40d4,2020-09-30 15:03,11.471111876195444
a47982c5-9f7c-463e-8c26-abbd540c40d4,2020-09-30 15:04,11.44256143028735
a47982c5-9f7c-463e-8c26-abbd540c40d4,2020-09-30 15:05,11.461806367967387
a47982c5-9f7c-463e-8c26-abbd540c40d4,2020-09-30 15:06,11.500375518741555
a47982c5-9f7c-463e-8c26-abbd540c40d4,2020-09-30 15:07,11.529988516316363
a47982c5-9f7c-463e-8c26-abbd540c40d4,2020-09-30 15:08,11.541787432729224
a47982c5-9f7c-463e-8c26-abbd540c40d4,2020-09-30 15:09,11.491453426658454
a47982c5-9f7c-463e-8c26-abbd540c40d4,2020-09-30 15:10,11.428825990450509
a47982c5-9f7c-463e-8c26-abbd540c40d4,2020-09-30 15:11,11.457180268220453
a47982c5-9f7c-463e-8c26-abbd540c40d4,2020-09-30 15:12,11.51626780294134
a47982c5-9f7c-463e-8c26-abbd540c40d4,2020-09-30 15:13,11.499607739313399
a47982c5-9f7c-463e-8c26-abbd540c40d4,2020-09-30 15:14,11.462795319674447
a47982c5-9f7c-463e-8c26-abbd540c40d4,2020-09-30 15:15,11.48750695809434
a47982c5-9f7c-463e-8c26-abbd540c40d4,2020-09-30 15:16,11.52963510986361
a47982c5-9f7c-463e-8c26-abbd540c40d4,2020-09-30 15:17,11.526326804498503
a47982c5-9f7c-463e-8c26-abbd540c40d4,2020-09-30 15:18,11.507114045288988
a47982c5-9f7c-463e-8c26-abbd540c40d4,2020-09-30 15:19,11.53534156199283
a47982c5-9f7c-463e-8c26-abbd540c40d4,2020-09-30 15:20,11.580259447247613
a47982c5-9f7c-463e-8c26-abbd540c40d4,2020-09-30 15:21,11.599723565687194
a47982c5-9f7c-463e-8c26-abbd540c40d4,2020-09-30 15:22,11.597184966638181
a47982c5-9f7c-463e-8c26-abbd540c40d4,2020-09-30 15:23,11.556066558476495
a47982c5-9f7c-463e-8c26-abbd540c40d4,2020-09-30 15:24,11.500354413387077
a47982c5-9f7c-463e-8c26-abbd540c40d4,2020-09-30 15:25,11.490537160228255
a47982c5-9f7c-463e-8c26-abbd540c40d4,2020-09-30 15:26,11.509474678362063
a47982c5-9f7c-463e-8c26-abbd540c40d4,2020-09-30 15:27,11.544740458698904
a47982c5-9f7c-463e-8c26-abbd540c40d4,2020-09-30 15:28,11.578043616878897
a47982c5-9f7c-463e-8c26-abbd540c40d4,2020-09-30 15:29,11.56452192676575
a47982c5-9f7c-463e-8c26-abbd540c40d4,2020-09-30 15:30,11.529804782254903
a47982c5-9f7c-463e-8c26-abbd540c40d4,2020-09-30 15:31,11.539308530553349
a47982c5-9f7c-463e-8c26-abbd540c40d4,2020-09-30 15:32,11.568311780482812
a47982c5-9f7c-463e-8c26-abbd540c40d4,2020-09-30 15:33,11.568736984610862
a47982c5-9f7c-463e-8c26-abbd540c40d4,2020-09-30 15:34,11.5602153930805
a47982c5-9f7c-463e-8c26-abbd540c40d4,2020-09-30 15:35,11.580044149967737
a47982c5-9f7c-463e-8c26-abbd540c40d4,2020-09-30 15:36,11.618909744262941
a47982c5-9f7c-463e-8c26-abbd540c40d4,2020-09-30 15:37,11.654666816509051
a47982c5-9f7c-463e-8c26-abbd540c40d4,2020-09-30 15:38,11.684624395866832
a47982c5-9f7c-463e-8c26-abbd540c40d4,2020-09-30 15:39,11.698328401517054
a47982c5-9f7c-463e-8c26-abbd540c40d4,2020-09-30 15:40,11.700389728698855
